{
    "accuracy": 0.7535070140280561,
    "macro_f1": 0.7535482622272192,
    "precision": 0.7584620454777974,
    "recall": 0.7534545454545455
}